USE maqadeer;

-- Users
INSERT INTO User(user_name, user_email, user_password)
VALUE ("Ekram", "ekram@gmail.com", "Hello123456");


-- Recipe 1
INSERT INTO Recipe(recipe_name, category, method, user_id)
VALUE("جريش بالدجاج", "رئيسية", "نضع قدرا على النار وبه الزبدة وتترك حتى يتم الذوبان، ويتم إضافة البصلة المفرومة مع التقليب باستمرار.
يتم إضافة الدجاج والجريش مع التقليب لمدة 5 دقائق ويصب عليها الماء.
تترك المكونات على النار لمدة ساعة تقريبا حتى تنضج المكونات.
نضع الزبادي والكمون، والملح، والفلفل الأسود، وعصير الليمون، والفلفل الحار وتقلب جميع المكونات معا.
يغطى القدر ويترك مرة أخرى لمدة ربع ساعة تقريبا حتى يتماسك قوام المكونات", 1);

-- Ingredients
INSERT INTO ingredient(ingredient_name, quantity, quantity_unit, recipe_id)
VALUES("دجاج", 1,"صدر", 1), ("جريش", 2,"كوب", 1), ("فلفل أسود", 0.5,"ملعقة", 1), 
("زبدة", 2,"ملعقة", 1), ("كمون", 0.5,"ملعقة", 1), ("بصل", 1,"حبة", 1), ("زبادي", 3,"أكواب", 1),
("ليمون", 1,"ملعقة", 1), ("فلفل حار", 0.5,"ملعقة", 1), ("ملح", 0.5,"ملعقة", 1);


-- Recipe 2
INSERT INTO Recipe(recipe_name, category, method, user_id)
VALUE("كبسة الحاشي", "رئيسية", "في قدر ضغط على حرارة متوسطة، سخني الزيت النباتي.
أضيفي البصل المفروم، الفلفل الرومي، اللومي وورق الغار. قلّبي المكونات لـ5 دقائق حتى تتداخل.
أضيفي اللحم وقلّبي المزيج لـ5 دقائق. زيدي الماء ونكّهي بالملح، الفلفل الأسود وبهارات الكبسة.
إغلي مزيج اللحم لـ10 دقائق ثمّ غطي قدر الضغط ثم اتركي المكونات لحوالى ساعة حتى ينضج اللحم.
أزيلي الغطاء عن قدر الضغط. أخرجي اللحم والخضار وضعيها في طبق.
أضيفي الأرز إلى الالمرق وخففي الحرارة. أسلقي الأرز لـ20 دقيقة حتى ينضج.
إرفعي القدر عن النار واسكبي أرز الكبسة في طبق التقديم.
أضيفي لحم الحاشي والخضار على الوجه ثم زيني بالبقدونس وقدمي الطبق على سفرتك", 1);

-- Ingredients
INSERT INTO ingredient(ingredient_name, quantity, quantity_unit, recipe_id)
VALUES ("لحم حاشي مقطع", 1, "كيلو", 2), ("أرز بسمتي", 2, "كوب", 2), ("بصل", 1, "حبة", 2),
("لومي", 1, "حبة", 2), ("زيت نباتي", 1, "ملعقة كبيرة", 2), ("بهارات كبسة", 2, "ملعقة كبيرة", 2), ("فلفل رومي", 3, "حبات", 2),
("ملح", 0.5, "ملعقة صغيرة", 2), ("فلفل أسود", 0.5, "ملعقة صغيرة", 2), ("بقدونس", 0.25, "كوب", 2);

-- Recipe 3
INSERT INTO Recipe(recipe_name, category, method, user_id)
VALUE("مهلبية", "حلويات", "1- احضرى إناء وضعى فيه الحليب والسكر والنشا وقلبيهم جيدًا حتى تتاكدى من ذوبان النشا والسكر فى الحليب ويتجانسوا معًا.
2- ضعى الإناء على درجة حرارة متوسطة وقلبى بين الحين والآخر، ثم ضيفى له ماء الورد لإعطاء نكهة مميزة للمهلبية.
3- استمرى فى التقليب حتى يصبح الخليط كثيفًا وذو قوام سميك بعض الشىء.
4- احضرى كؤوس التقديم وقومى بسكب الخليط بها، وانتبهى لتجفيف الكؤوس أولًا قبل سكب المهلبية حتى لا تفسدها بقايا المياه.
5- احضرى القرفة المطحونة والمكسرات وقومى بتزيين الكؤوس من الأعلى، كما يمكنك استبدال المكسرات بقطع الفاكهة المجففة أو الشوكولاتة المبشورة حتى تحوز على إعجاب الأطفال وتعطيها نكهة مميزة.
6- اتركى الكؤوس فى درجة حرارة الغرفة العادية لمدة نصف ساعة أو أكثر حتى تتخلص من السخونة تمامًا.
7- ضعى كؤوس المهلبية بالثلاجة حتى يأتى موعد تقديمها، ويمكنك وضعها فى قوالب الجيلى بدلًا من الكؤوس لتحصلين على شكل مميز لها، كما يمكنك تقديمها مع أكواب الكاكاو للأطفال لتساعدهم على النوم ليلًا دون أرق.", 1);

-- Ingredients
INSERT INTO ingredient(ingredient_name, quantity, quantity_unit, recipe_id)
VALUES ("حليب", 4, "أكواب", 3), ("سكر", 1, "كوب", 3), ("نشا", 6, "ملاعق كبيرة", 3), 
("ماء الورد", 1, "ملعقة", 3), ("قرفة", 1, "ملعقة", 3); 

-- Recipe 4
INSERT INTO Recipe(recipe_name, category, method, user_id)
VALUE("حمص", "مقبلات", "انقعى الحمص فى الماء لمدة 3 ساعات
ضعى كمية من الماء تكفى لتغطية الحمص واغليها على النار
بعد غليان الماء ضعى الحمص داخله واتركيه على النار حتى يغلى لدقيقة
فى هذه الأثناء ضعى كمية مساوية للماء على النار واتركيها تغلي
حين يغلى الحمص فى الماء تخلصى من الماء الأول وضعى عليه الكمية الثانية من الماء المغلي
اتركيه حتى يغلى لمدة دقيقة ثم انقليه على نار متوسطة وأضيفى الكمون والبصل والطماطم
تابعيه من وقت لآخر مع إضافة ماء ساخن إن لاحظتِ نقص كمية الماء
قبل أن ينضج الحمص بشكل كامل أضيفى الملح
حين يصبح الحمص لينًا تمامًا يمكنك تقديمه مع إضافة الليمون والشطة وكمون وملح إضافى حسب الرغبة", 1);

-- Ingredients
INSERT INTO ingredient(ingredient_name, quantity, quantity_unit, recipe_id)
VALUES ("حمص", 250, "جرام", 4),  ("بصل", 1, "حبة كبيرة", 4),  ("طماطم", 1, "حبة", 4),  ("ليمون", 1, "حبة", 4);


-- Recipe 5
INSERT INTO Recipe(recipe_name, category, method, user_id)
VALUE("كوكتيل بالحليب", "مشروبات", "اغسلي كل الفواكه جيدًا، ثم ضعيها في الخلاط الكهربائي.
أضيفي عصير البرتقال، السكر والحليب. اخفقي جميع المكونات معًا حتى تمتزج.
أدخلي العصير البراد لفترة ثم قدميه باردًا", 1);

-- Ingredients
INSERT INTO ingredient(ingredient_name, quantity, quantity_unit, recipe_id)
VALUES ("سكر", 1, "كوب", 5), ("فراولة", 50, "جرام", 5), ("حليب", 1, "كوب", 5), ("موز", 2, "حبة", 5);


-- Food Stuff
INSERT INTO foodstuff(food_name, quantity, quantity_unit, expire_date, food_section, user_id)
VALUES
("ليمون", 2, "كيلو", "2022-11-30", "ثلاجة", 1),
("زبادي", 5, "علب", "2022-11-30", "ثلاجة", 1),
("فلفل رومي", 3, "كيلو", "2022-11-30", "ثلاجة", 1),
("بقدونس", 1, "جرزة", "2022-11-11", "ثلاجة", 1),
("حليب", 1, "جالون", "2022-11-12", "ثلاجة", 1),
("طماطم", 2, "كيلو", "2022-11-30", "ثلاجة", 1),
("موز", 6, "حبات", "2022-11-30", "ثلاجة", 1),

("دجاج", 3, "صحون", "2022-11-30", "فريزر", 1),
("زبيب", 2, "KG", "2023-10-30", "فريزر", 1),
("زبدة", 2, "حبة", "2022-11-30", "فريزر", 1),
("لحم حاشي مقطع", 3, "كيلو", "2022-11-30", "فريزر", 1),
("حمص", 1, "كيلو", "2022-11-30", "فريزر", 1),
("لحم قطع", 2, "كبلو", "2022-10-30", "فريزر", 1),
("لحم مفروم", 2, "كياو", "2022-10-30", "فريزر", 1),

("فلفل أسود", 1, "علبة", "2025-12-30", "بهارات", 1),
("ملح", 1, "علبة", "2025-12-30", "بهارات", 1),
("فلفل حار", 1, "علبة", "2025-12-30", "بهارات", 1),
("كمون", 1, "علبة", "2025-12-30", "بهارات", 1),
("بهارات كبسة", 1, "علبة", "2023-12-30", "بهارات", 1),
("لومي", 2, "كيس", "2023-12-30", "بهارات", 1),
("قرفة", 1, "علبة", "2023-12-30", "بهارات", 1),

("أرز بسمتي", 2, "كيس", "2023-12-30", "أخرى", 1),
("جريش", 3, "كيلو", "2023-12-30", "أخرى", 1),
("قهوة", 2, "كيلو", "2023-10-30", "أخرى", 1),
("بصل", 1, "كيس", "2023-12-30", "أخرى", 1),
("زيت نباتي", 1, "جالون", "2023-12-30", "أخرى", 1),
("سكر", 1, "كيس", "2023-12-30", "أخرى", 1),
("نشا", 3, "علب", "2023-12-30", "أخرى", 1),
("ماء الورد", 1, "زجاجة", "2023-12-30", "أخرى", 1),
("قهوة سعودية", 2, "علبة", "2022-10-30", "أخرى", 1);

-- Shopping List
INSERT INTO shopping_list(item_name, user_id) 
VALUES ("ليمون", 1), ("دجاج", 1), ("هيل", 1), ("خبز", 1), ("قهوة", 1), ("كلور", 1);


-- New Recipe
INSERT INTO New_Recipe(new_recipe_name, section, link, user_id)
VALUES("كيك شوكولاته", "حلويات", "https://www.youtube.com/watch?v=2XBvw_Ty-C0&vl=en", 1),
	("أم علي", "حلويات", "https://www.youtube.com/watch?v=O1T8dRRPq_Q", 1),
    ("تشيز كيك", "حلويات", "https://www.youtube.com/watch?v=CdqabFFA_yo", 1),
    ("كيك التمر", "حلويات", "https://www.youtube.com/watch?v=kgPw61llWNI", 1),
    ("بسبوسة", "حلويات", "https://www.youtube.com/watch?v=ftRrcOzwHAU", 1),
    
    ("سلطة سيزر", "مقبلات", "https://www.youtube.com/watch?v=-oGiIxMkEc0", 1),
    ("سموزي بطيخ", "مشروبات", "https://www.youtube.com/watch?v=2DlLmBBZ_HQ", 1);

