<?xml version="1.0" encoding="UTF-8"?>
<project-private xmlns="http://www.netbeans.org/ns/project-private/1">
    <editor-bookmarks xmlns="http://www.netbeans.org/ns/editor-bookmarks/2" lastBookmarkId="0"/>
    <open-files xmlns="http://www.netbeans.org/ns/projectui-open-files/2">
        <group>
            <file>file:/C:/Users/merva/Desktop/CookingApp/src/controller/AddingRecipeController.java</file>
            <file>file:/C:/Users/merva/Desktop/CookingApp/src/controller/MyKitchenController.java</file>
            <file>file:/C:/Users/merva/Desktop/CookingApp/src/controller/Email.java</file>
            <file>file:/C:/Users/merva/Desktop/CookingApp/src/controller/CurrentUser.java</file>
            <file>file:/C:/Users/merva/Desktop/CookingApp/src/controller/Category.java</file>
            <file>file:/C:/Users/merva/Desktop/CookingApp/src/controller/NewRecipesController.java</file>
            <file>file:/C:/Users/merva/Desktop/CookingApp/src/controller/ShoppingListController.java</file>
            <file>file:/C:/Users/merva/Desktop/CookingApp/src/controller/AnimationController.java</file>
            <file>file:/C:/Users/merva/Desktop/CookingApp/src/main/Main.java</file>
            <file>file:/C:/Users/merva/Desktop/CookingApp/src/controller/SignUpController.java</file>
            <file>file:/C:/Users/merva/Desktop/CookingApp/src/controller/KitchenSettingController.java</file>
            <file>file:/C:/Users/merva/Desktop/CookingApp/src/controller/DisplayRecipesController.java</file>
        </group>
    </open-files>
</project-private>
